"id","menu_id","guest_id","count","discount_50","discount_150","order_at","available"
_BL2FUYpZ3,"4","7d0wSoyzi1",1,0,0,"2023-07-23 04:23:22",1
_Eh-fDqdeT,"1",TJoy25WVo9,3,0,0,"2023-07-23 03:45:06",1
_EW_P3oQTv,"3",sGAXysq0fz,2,0,0,"2023-07-23 05:31:19",0
_LW2n8wQSu,"1",aGbd_1VFiR,3,0,0,"2023-07-23 00:53:08",1
_qZkaa-ENY,"4","9AbY-n6nCm",2,0,0,"2023-07-23 03:23:46",1
_uCVVI1TcG,"1",B2CeTYJmu3,1,0,0,"2023-07-22 04:42:28",1
_uv7HmAp9F,"1",L9xtPMUXbJ,1,0,0,"2023-07-22 07:19:02",1
_UYUctdT8c,"1",nRsBSmD6MM,1,0,0,"2023-07-23 00:32:07",1
-7HmpzuMFa,"4",MIZ_NyEMmw,1,0,0,"2023-07-23 00:49:36",1
-gaaks4uQc,"2",WFZZ0J1M3l,1,0,0,"2023-07-22 06:06:46",1
-HsFYfvNYn,"1",iyuBP9M2eA,1,0,0,"2023-07-23 01:20:54",1
-jHCZ8gzt5,"1",dIge67-wWX,1,0,0,"2023-07-23 01:17:47",1
-l9ePGqmYn,"2",op5vAOphjD,1,0,0,"2023-07-22 03:33:34",1
-PVymreLnS,"2",zPg7Zh9sZB,1,0,0,"2023-07-22 04:33:29",1
-VcsbsOa28,"1",EB_eJ3oCf6,1,0,0,"2023-07-23 01:07:06",1
-wUxiociTQ,"1",L-B6qTnYCx,1,0,0,"2023-07-23 03:46:33",1
-Xlha3JVyj,"4",L9xtPMUXbJ,1,0,0,"2023-07-22 07:19:02",1
-xQp7DIIvc,"1",PL05Nbgrp4,2,0,0,"2023-07-23 03:59:00",1
"020PtLsCiM","1",miyXe_-ivr,1,0,0,"2023-07-22 02:59:52",1
"0Bnef1MdHq","3",bN1wz0aqVo,1,0,0,"2023-07-22 04:55:03",1
"0g-Ta82M-Z","1",y1_CwocMRP,1,0,0,"2023-07-22 03:28:32",1
"0Rh8etXpPu","4",Q7FThXjEy9,1,0,0,"2023-07-23 03:27:11",1
"0T9uqA4wgx","4",jbgn50grS5,1,0,0,"2023-07-23 02:58:10",1
"102tc8gGyU","4",LXGejLTIvy,2,0,0,"2023-07-22 01:21:02",1
"1epprNzdP8","2",K-x6C4p8H1,1,0,0,"2023-07-23 00:54:46",1
"1GfCwAPl_W","4","1xQ4UCtgc_",1,0,0,"2023-07-23 03:37:49",1
"1K69QRmaPA","2","73_W9t3n2r",1,0,0,"2023-07-22 02:11:18",1
"1tEQBDaeFL","3",xFmNex8oXz,1,0,0,"2023-07-23 05:39:41",1
"1Yjgi3r9iE","4","3p8Acp5f6r",1,0,0,"2023-07-22 04:47:36",1
"21JnxH3TUV","1",QicxXQf4_R,1,0,0,"2023-07-22 02:37:13",1
"25Juy59uTu","2",BKdg6RUltZ,1,0,0,"2023-07-22 01:35:58",1
"2BXWdMUi4x","1",VvFNJbWWe_,1,0,0,"2023-07-22 04:33:41",1
"2F0-wWGk9y","1",zcmLoQv683,1,0,0,"2023-07-22 05:13:58",1
"2HGFYnwMP-","1","8Zowxa5QBh",1,0,0,"2023-07-22 03:18:57",1
"2Hm4VDsUBq","3",RIzeDSg6PW,1,0,0,"2023-07-23 05:20:25",1
"2mEiafDSB_","2",VetCkyBWE3,1,0,0,"2023-07-22 06:23:05",1
"2S2UgvSYVl","2",v4zZPzrSCQ,1,0,0,"2023-07-22 02:47:35",1
"2sR_hP9FIp","3","8329BiVi8L",1,0,0,"2023-07-22 02:38:35",1
"2vpYzry0mU","1",bliAbUOzcr,1,0,0,"2023-07-22 06:10:59",1
"2wPDH2p_PJ","3",ZlcUIK5Crm,1,0,0,"2023-07-22 03:22:24",1
"3_BTkRZNYM","3",B1B2Ot-n06,2,0,0,"2023-07-23 04:45:57",1
"36eYYzNdx8","2",MIZ_NyEMmw,1,0,0,"2023-07-23 00:49:36",1
"3C94ch7S3N","3",bUMcCEMf6V,1,0,0,"2023-07-23 00:36:17",1
"3gqpVA33Ae","3",ypoAVhNYSc,1,0,0,"2023-07-23 04:42:38",1
"3pajx_XY1q","1",q64okMyNTg,1,0,0,"2023-07-23 04:31:27",1
"3TqKnEU-Ag","3",ACxk3hVi4u,1,0,0,"2023-07-22 05:12:36",1
"3tSMrVCrTg","1",SUyBSqxNDx,1,0,0,"2023-07-22 06:16:58",1
"43mqyqGCnm","2",tKSNE2T6YD,1,0,0,"2023-07-22 02:45:59",1
"4Aa0_OKq5q","1",mVCJ4dI2Lv,1,0,0,"2023-07-22 03:11:23",1
"4adSjMzNiQ","3",PQIOG0D6vM,1,0,0,"2023-07-23 05:00:14",1
"4HhOJqDZHI","2",JDVvZmN4bk,2,0,0,"2023-07-22 06:34:05",1
"4J4uFLp531","2",JcBnZaXddp,1,0,0,"2023-07-22 05:44:12",1
"4LdfjVyzRB","3",TWLL8nD49N,1,0,0,"2023-07-22 02:14:47",1
"4qBT_rawIt","4",bUMcCEMf6V,1,0,0,"2023-07-23 00:36:17",1
"4WKu668aO1","1",TDiCnzCpFc,1,0,0,"2023-07-22 02:59:41",1
"4xfE6caxZs","2",kH9NztjgQZ,2,0,0,"2023-07-22 07:06:21",1
"54NkDmc1B1","1",tRtMGoxB_B,1,0,0,"2023-07-23 05:15:48",1
"5AUfN1PNDS","3",Fvxh1lQk_w,1,0,0,"2023-07-22 05:41:10",1
"5BmfCJR7m4","3",bZrge9wq72,1,0,0,"2023-07-23 04:59:50",1
"5FWscZUG8K","4","5i0oVNh90X",2,0,0,"2023-07-22 00:37:42",1
"5hp2awL9nc","3",pG1cyUs28i,1,0,0,"2023-07-23 03:15:34",1
"5j3lj0jjhj","4",FqUlI8SrBr,1,0,0,"2023-07-22 04:44:02",0
"5nx7_K6T3y","2",p2BS8HvKVH,2,0,0,"2023-07-22 05:22:28",1
"5Tk_180uKw","2",DNECDLGiNP,1,0,0,"2023-07-22 01:21:38",1
"5zQ-OeuQaq","3",_sGwjn_zV8,1,0,0,"2023-07-23 04:11:32",1
"6B5L9lQmF8","3",SvnAwze-O_,1,0,0,"2023-07-22 01:39:59",1
"6CT9uYOqLF","3",bliAbUOzcr,3,0,0,"2023-07-22 06:10:59",1
"6kKJOBzZpM","3",owQfxizUQm,1,0,0,"2023-07-23 05:36:58",1
"6N167tKAHY","3",tOq2bDyPbi,2,0,0,"2023-07-23 05:33:44",1
"6rYIP5Lhz6","1","7-8efDc__W",3,0,0,"2023-07-23 03:14:35",1
"6RYNCk8wTM","2",yCG8w8A1XD,1,0,0,"2023-07-22 00:54:08",1
"711Bfgcc0L","3",VetCkyBWE3,1,0,0,"2023-07-22 06:23:05",1
"7ApWA0wp5x","1",wkIhYORaJ_,2,0,0,"2023-07-22 07:17:37",1
"7aTKLUsg5h","3",WbubAieW2F,1,0,0,"2023-07-23 04:30:35",1
"7EBUf0RtAz","1",E_lzkXo1UH,1,0,0,"2023-07-22 02:50:27",1
"7qTTGmUfYI","4",qN9nwt38A3,2,0,0,"2023-07-23 03:41:53",1
"7QUszbWRqy","1",RIzeDSg6PW,2,0,0,"2023-07-23 05:20:25",1
"7SUaAJ7Ccc","4",RIzeDSg6PW,1,0,0,"2023-07-23 05:20:25",1
"7YCAafi4yv","2",SGmHPrS3Go,1,0,0,"2023-07-22 06:07:23",1
"8246yAxAIb","1",GucdGn6_yZ,2,0,0,"2023-07-23 00:30:54",1
"8D7sBoFCBF","4",fh2weW8cUC,2,0,0,"2023-07-22 05:12:50",1
"8gMdAX1zEd","2","8Zowxa5QBh",1,0,0,"2023-07-22 03:18:57",1
"8JNz8ZAhZQ","4",UbZwYzkm43,1,0,0,"2023-07-23 04:05:10",1
"8p_QPL1f5w","1",UUXgAPKDuz,1,0,0,"2023-07-23 05:12:55",1
"8TgRAbuT9n","3",Nt_fL-5td9,1,0,0,"2023-07-22 03:22:05",1
"8YeNtXEkx1","4",nE0aeFzTfN,1,0,0,"2023-07-22 04:42:15",1
"94jHarVjUm","1",X4m6YGpTh_,1,0,0,"2023-07-23 03:07:42",1
"9B20Ks4tVw","3",PMdRjYXkW4,2,0,0,"2023-07-22 03:34:24",1
"9bwXk9PGoW","4",yCDA4HEawh,2,0,0,"2023-07-23 05:48:59",1
"9csJWnFUZZ","4","0XcB0EUmRG",1,0,0,"2023-07-23 03:00:30",1
"9D6UpkhbjG","2","9ol6MGb_S4",1,0,0,"2023-07-23 00:53:35",1
"9eOCxnDvaQ","2",r2I-PxZNwq,1,0,0,"2023-07-22 00:04:40",1
"9hfpyh9fWt","3",IAC4MZN9da,1,0,0,"2023-07-23 00:23:17",0
"9I3K-iC8RW","1",PMkbbDryPM,2,0,0,"2023-07-22 03:07:00",1
"9k8fYf42aR","1",ACxk3hVi4u,1,0,0,"2023-07-22 05:12:36",1
"9Qs2n9Wycp","2",MVDfUZ4930,1,0,0,"2023-07-22 05:54:01",1
"9sT59aE2r4","2",miyXe_-ivr,1,0,0,"2023-07-22 02:59:52",1
"9TRR1woGer","1",R4-QWfE7UV,2,0,0,"2023-07-22 05:43:46",1
A-A3gJ2Wmf,"3",tRtMGoxB_B,2,0,0,"2023-07-23 05:15:48",1
a4bBpKPE6f,"1",dQh4UPLnJo,2,0,0,"2023-07-23 01:02:58",1
a4vJBTQrO8,"2",pJHJs9qzwd,2,0,0,"2023-07-22 03:28:46",1
AeGw_gSJyz,"4",cpfTi6sGu2,1,0,0,"2023-07-22 06:51:24",1
ak0ysVSh7f,"1",SVyfuuHwHf,1,0,0,"2023-07-23 01:28:38",1
apIke0v8Qs,"3",f827v5Xwd6,2,0,0,"2023-07-23 05:25:47",1
AScsX5skfZ,"1",WwGObCuUgE,1,0,0,"2023-07-22 03:33:47",1
AsNy0_rFbz,"4",zPg7Zh9sZB,1,0,0,"2023-07-22 04:33:29",1
AuoT7y2aRg,"3",GucdGn6_yZ,1,0,0,"2023-07-23 00:30:54",1
AUPrVzoYnI,"3",kzN0HEXKsu,2,0,0,"2023-07-23 03:08:40",1
aXM6irfvsb,"3",KHiL9vQNzY,1,0,0,"2023-07-22 00:17:01",1
AYFCHQH8IW,"3",BKdg6RUltZ,2,0,0,"2023-07-22 01:35:58",1
b4a6cSLcDz,"1",tKSNE2T6YD,1,0,0,"2023-07-22 02:45:59",1
baB3MSFLro,"4",dCxFEtNeeq,1,0,0,"2023-07-22 07:11:13",1
BcCgGFEcNU,"1",spQbSlPGWL,1,0,0,"2023-07-23 00:46:41",1
bGN-nbuwN9,"4",wkIhYORaJ_,1,0,0,"2023-07-22 07:17:37",1
bhTOPtn6uD,"3",p2BS8HvKVH,1,0,0,"2023-07-22 05:22:28",1
BPeh57R6a4,"3",P2pZGSZHqr,1,0,0,"2023-07-23 05:42:24",1
bSWItdD4SA,"1",x8fTRGbzsY,1,0,0,"2023-07-22 05:54:18",1
btDVgF7bhB,"2",_0gwUxkNYJ,1,0,0,"2023-07-22 03:12:07",1
Buv6m-HSPi,"1",Rh-EYZXXQD,1,0,0,"2023-07-23 03:51:44",1
bviP067fbx,"2",Nt_fL-5td9,1,0,0,"2023-07-22 03:22:05",1
BVJU3c2z7j,"4",-8x_zvbWro,1,0,0,"2023-07-22 00:45:31",1
bwB-OfEVNF,"1",IAC4MZN9da,1,0,0,"2023-07-23 00:23:17",0
Bxaz_AWglT,"4",VE1aRpn291,2,0,0,"2023-07-22 01:15:44",1
BxsDgNAMkh,"4",hL5vsllyJF,1,0,0,"2023-07-23 05:01:43",1
c2adMb73QV,"1",BdpLIO52jM,1,0,0,"2023-07-22 01:52:59",1
C7JtT3DVbW,"3",-8x_zvbWro,2,0,0,"2023-07-22 00:45:31",1
C7YSlzHAOh,"4",ypoAVhNYSc,2,0,0,"2023-07-23 04:42:38",1
cdbnCuwgC9,"2",cpfTi6sGu2,1,0,0,"2023-07-22 06:51:24",1
cfnYhhGA4x,"1",v3gv-5Pww8,1,0,0,"2023-07-22 05:27:25",1
CGRe-fsxXE,"1",oyDIgv3HOL,1,0,0,"2023-07-22 05:27:06",1
ci8YMsd3kK,"1",eagd-diepp,2,0,0,"2023-07-22 04:50:35",1
ClpfDW7x8F,"1",KxnEQSLHgF,2,0,0,"2023-07-22 04:21:53",1
CRYdFuqbxi,"2",Ll8n6T--TZ,1,0,0,"2023-07-22 06:37:04",1
CzeTFjp3A5,"3",x8fTRGbzsY,1,0,0,"2023-07-22 05:54:18",1
D18CwbKb44,"4",-XO3FMKwSD,1,0,0,"2023-07-23 03:16:20",1
de_Mb8dbJC,"3",Rh-EYZXXQD,1,0,0,"2023-07-23 03:51:44",1
DioXvZytDu,"1","9H-m6XTNMv",1,0,0,"2023-07-23 03:11:06",1
dleV1ZgQyr,"3",dCxFEtNeeq,1,0,0,"2023-07-22 07:11:13",1
dLlQtQfY0B,"1","8329BiVi8L",1,0,0,"2023-07-22 02:38:35",1
DMDujkOGxg,"1",APMsWSbKmo,1,0,0,"2023-07-23 04:30:13",1
dSYfylxqQU,"1",fh2weW8cUC,1,0,0,"2023-07-22 05:12:50",1
dThEt3Z5Ac,"2",IH55qYqIam,2,0,0,"2023-07-22 01:40:26",1
DXA3f-nYYi,"3",y0xWwVyINz,2,0,0,"2023-07-25 08:56:40",1
DxhO-Bq4_j,"2",Fvxh1lQk_w,1,0,0,"2023-07-22 05:41:10",1
DXsE3u2vba,"2",yhFwvHOCzP,2,0,0,"2023-07-22 01:12:05",1
Dy2O5U6HV9,"1",PQIOG0D6vM,1,0,0,"2023-07-23 05:00:14",1
eaCMJx2kro,"2",fi2cuxhixO,2,0,0,"2023-07-22 07:06:50",1
EbFTAyDlG8,"1",N9M5y_2FxS,2,0,0,"2023-07-23 00:48:44",1
EBysmIlqWd,"1",s4sfxR8pn8,1,0,0,"2023-07-23 00:28:08",1
EGv8dy4TXB,"3","74jCP9iYD0",1,0,0,"2023-07-22 05:13:57",1
EjahqhwGBU,"4",owQfxizUQm,1,0,0,"2023-07-23 05:36:58",1
eLZbgdy3De,"4",oyDIgv3HOL,1,0,0,"2023-07-22 05:27:06",1
eMQAmzGl4-,"1","8RLwz_6ws1",1,0,0,"2023-07-23 04:32:23",1
eRSsuwmJXd,"3",hpdSSo-J7v,1,0,0,"2023-07-22 02:27:34",1
eslbq1RMWu,"1","1V_9Y5yWZD",1,0,0,"2023-07-23 03:16:44",1
eXVV-eHs89,"2",-eLzR44fpE,1,0,0,"2023-07-22 07:11:26",1
ey9y3bmA-E,"1",WkeOJK7dmN,1,0,0,"2023-07-22 00:25:25",1
F-ccC8CA0z,"1",VetCkyBWE3,1,0,0,"2023-07-22 06:23:05",1
F-ieIgNjgQ,"3",feXBRdKbvt,1,0,0,"2023-07-22 00:36:47",1
F1qsb6Le8e,"1",WmtN_H_k_O,1,0,0,"2023-07-22 05:12:07",1
F57fr_v64B,"3","3HtysNp9sw",1,0,0,"2023-07-23 03:12:57",1
F76ngON4Xr,"4",UUXgAPKDuz,1,0,0,"2023-07-23 05:12:55",1
f8BYHFouSn,"2",bUMcCEMf6V,1,0,0,"2023-07-23 00:36:17",1
FAJbk48T3t,"2",nFka1lSXRM,1,0,0,"2023-07-23 00:25:25",1
FBOJLMweoj,"2","9zVhexscq3",1,0,0,"2023-07-22 05:47:58",1
FDEE5Y-en0,"1",MOsXMbJfIH,2,0,0,"2023-07-23 01:17:24",1
FdjkzGFyUz,"2",TDiCnzCpFc,1,0,0,"2023-07-22 02:59:41",1
fElKagbzn5,"4",X4m6YGpTh_,2,0,0,"2023-07-23 03:07:42",1
FFfHcSlVlC,"3",zcmLoQv683,1,0,0,"2023-07-22 05:13:58",1
Fk3WN9DSw3,"1",vb8Ped6UIh,1,0,0,"2023-07-23 05:49:43",1
fNPcSPWT6l,"1",v4aS5n16jF,1,0,0,"2023-07-23 04:00:06",1
fqP9Qdh6p2,"1",vkQOCga9kb,2,0,0,"2023-07-22 02:42:20",1
fUz0eh6fDc,"2",skChH4MURC,1,0,0,"2023-07-23 01:12:36",1
G5eliZFzv1,"3",L9xtPMUXbJ,1,0,0,"2023-07-22 07:19:02",1
G62psn6BF0,"1",mJiCP13BCJ,1,0,0,"2023-07-23 03:42:40",1
GacJRLOcfD,"1",gYzl2LB0pn,1,0,0,"2023-07-22 05:12:31",1
GaqzD66ifg,"3",DcR2WWIMhq,1,0,0,"2023-07-23 05:16:02",1
gdeb1xwZsM,"2",HmxCsnHRko,1,0,0,"2023-07-22 02:06:47",1
gDHv4KSeD-,"1",JDVvZmN4bk,1,0,0,"2023-07-22 06:34:05",1
giCuJ3NpAW,"2","8KKEZQ_wue",1,0,0,"2023-07-22 04:50:00",0
GJEhwVHdrO,"2",KHiL9vQNzY,1,0,0,"2023-07-22 00:17:01",1
Gx8V2R-I-w,"3",am4tWkD0ei,1,0,0,"2023-07-23 04:18:19",1
GyutTfGdBv,"1",vw3YsyJ_zj,1,0,0,"2023-07-22 02:38:19",1
h3aQeali64,"3",XfHW1nZzv7,2,0,0,"2023-07-22 05:38:25",1
haR5N0DiMv,"4",VvFNJbWWe_,1,0,0,"2023-07-22 04:33:41",1
hau5tMKVze,"3",rfiKYD6AUH,2,0,0,"2023-07-22 01:37:34",1
hbMrqaEmfq,"1",Zno5ORKl1x,1,0,0,"2023-07-22 07:06:41",1
HjbbRyBOPN,"3",mJiCP13BCJ,1,0,0,"2023-07-23 03:42:40",1
HkFYI94sKL,"2","4fqltiz0aB",1,0,0,"2023-07-22 00:21:27",1
hKHH4-zWdO,"3",XNLgRYKI-0,1,0,0,"2023-07-22 06:52:03",1
HKSB61q9Qh,"1",MIZ_NyEMmw,1,0,0,"2023-07-23 00:49:36",1
HlivAmwbAo,"3",y1_CwocMRP,1,0,0,"2023-07-22 03:28:32",1
HWOlJq6knW,"1",pG1cyUs28i,1,0,0,"2023-07-23 03:15:34",1
Hx6gIjL8A6,"1","9AbY-n6nCm",1,0,0,"2023-07-23 03:23:46",1
Hxi2C8WPbo,"1",AOv7xVQ6vl,1,0,0,"2023-07-23 04:16:50",1
I6mueHkleS,"1",xFmNex8oXz,2,0,0,"2023-07-23 05:39:41",1
I88Z00_QYw,"2",SvnAwze-O_,1,0,0,"2023-07-22 01:39:59",1
I9AqblakXB,"2",-yKu79940r,1,0,0,"2023-07-22 01:39:44",1
ialvhd3dHg,"1",XF1yr-J4IY,3,0,0,"2023-07-22 06:46:13",1
IbEpJiWqwI,"3",-NRcuzyTAw,1,0,0,"2023-07-22 06:13:12",1
iDDiYVF0Sp,"3",Jo_Y8nHKMG,3,0,0,"2023-07-22 05:59:00",1
Iffxdq3PCK,"2",WrcAAksA9b,1,0,0,"2023-07-22 03:19:17",1
ifKPaFUDtL,"1",ljQ420bkt7,2,0,0,"2023-07-22 02:23:32",1
iiBsf2cDTC,"4",U5NI6MWv7s,3,0,0,"2023-07-23 02:55:43",1
IIK0Yz3RL0,"2",spQbSlPGWL,1,0,0,"2023-07-23 00:46:41",1
INhEK_cfGS,"2",SL1GDsQpxs,1,0,0,"2023-07-22 03:05:18",1
iWWbtIs_a5,"1",f827v5Xwd6,1,0,0,"2023-07-23 05:25:47",1
IXvun60I8u,"1",TFRLLAIHeY,1,0,0,"2023-07-23 03:12:36",1
izu9YeGCah,"3",b2DesVuazO,4,0,0,"2023-07-25 09:01:59",1
j0cVO_uOAY,"2",SVyfuuHwHf,1,0,0,"2023-07-23 01:28:38",1
J1Enq2nq6k,"3",WrcAAksA9b,2,0,0,"2023-07-22 03:19:17",1
J4s8X2GIRx,"4",iNJwVkiXLL,1,0,0,"2023-07-23 04:12:37",1
J5CYaVI6pj,"3","9HJ9TWMFEB",2,0,0,"2023-07-23 01:29:39",0
Jg18PkL51t,"3","9zVhexscq3",1,0,0,"2023-07-22 05:47:58",1
jLdl1Xpw7K,"2",ugd2ld9wQA,3,0,0,"2023-07-22 00:16:10",1
JROayZ87dh,"4",LPLcBAKa4Y,1,0,0,"2023-07-22 06:24:07",1
JrXGbnKAxq,"4",WKqd2t2qYm,1,0,0,"2023-07-23 04:40:07",1
Jt7c10sTcP,"1",jbgn50grS5,1,0,0,"2023-07-23 02:58:10",1
jVLGBu3vk9,"3",O7WsDOx5-P,2,0,0,"2023-07-22 06:04:52",1
JWAako1WeL,"2",DECvDrrYB_,1,0,0,"2023-07-22 03:04:18",1
JXTz9ULMu7,"2",ZXi8pg7YFk,1,0,0,"2023-07-22 06:42:55",1
jyNVsaAB6U,"2","9HJ9TWMFEB",1,0,0,"2023-07-23 01:29:39",0
K_C6aIzx9T,"1",FfQJzxTbYp,2,0,0,"2023-07-23 00:58:09",1
K5nVJudVDg,"1",XNLgRYKI-0,1,0,0,"2023-07-22 06:52:03",1
kF8XwC9Bot,"1",feXBRdKbvt,2,0,0,"2023-07-22 00:36:47",1
kjvNpEAgr1,"1",PRApcc465Z,2,0,0,"2023-07-23 05:49:24",1
KqqMBYLMSy,"1",wd625XB29a,2,0,0,"2023-07-23 03:52:28",1
KrZT0HmXYh,"3",l1eucFtnaf,1,0,0,"2023-07-23 05:08:03",1
kuHL_81CMc,"3","7-8efDc__W",1,0,0,"2023-07-23 03:14:35",1
KuQmJ4WpYo,"3",RiFALbLzLv,1,0,0,"2023-07-22 07:04:14",1
KVeOOFxxAf,"3",AD0Ll0Iyyz,1,0,0,"2023-07-25 09:01:02",1
KvRiSQlPnt,"3",PMkbbDryPM,1,0,0,"2023-07-22 03:07:00",1
kzbLEp5Ma8,"4","3HtysNp9sw",1,0,0,"2023-07-23 03:12:57",1
L5iMPECNOc,"3",FfmWDaAoWK,2,0,0,"2023-07-22 00:48:45",1
L6mPfVVDZN,"1",p2BS8HvKVH,1,0,0,"2023-07-22 05:22:28",1
l8ByU5UHX6,"3",LXGejLTIvy,1,0,0,"2023-07-22 01:21:02",1
LekEeTrq1Z,"2",L3kYkRlQqW,4,0,0,"2023-07-22 05:13:35",1
LELftRs4VJ,"3","9ol6MGb_S4",2,0,0,"2023-07-23 00:53:35",1
lhuC6iM2mF,"1",_ceymHrKZR,1,0,0,"2023-07-22 03:11:42",1
lll_MktkeQ,"4",l3qoTW5rGd,1,0,0,"2023-07-22 06:51:34",1
lNNmsWPQiM,"1",mr4Tak9QTo,1,0,0,"2023-07-23 05:11:51",1
lTgh-s_ooS,"3",vct_CDGSlD,1,0,0,"2023-07-23 03:52:46",0
lTsloNL2FJ,"2",v3gv-5Pww8,1,0,0,"2023-07-22 05:27:25",1
LwC17edHcx,"3",JDVvZmN4bk,1,0,0,"2023-07-22 06:34:05",1
lwKHPIskjd,"3",nFka1lSXRM,1,0,0,"2023-07-23 00:25:25",1
lxQdioUh-L,"1",dCxFEtNeeq,1,0,0,"2023-07-22 07:11:13",1
M_VkWquPIr,"3",nE0aeFzTfN,1,0,0,"2023-07-22 04:42:15",1
mABGDv9jwf,"2",FfmWDaAoWK,1,0,0,"2023-07-22 00:48:45",1
MDY8lrrD_M,"1",UbZwYzkm43,1,0,0,"2023-07-23 04:05:10",1
mkQeAJX8I9,"3",ewxtP3sThD,1,0,0,"2023-07-22 06:22:42",1
mnNzs0cwk4,"3",J6UQ-bHsOX,1,0,0,"2023-07-22 02:20:23",1
Mo9lkCH0t3,"3",mWBOrsUb9z,1,0,0,"2023-07-23 03:01:54",1
mTrDl2p89z,"3",c_062-yfnQ,1,0,0,"2023-07-22 02:29:32",1
mVghhXppUV,"3",LlnFxp3swj,2,0,0,"2023-07-22 01:44:26",1
mvVgRr1UmC,"2",AD0Ll0Iyyz,1,0,0,"2023-07-25 09:01:02",1
MxcgmukOUy,"3",ZSYeKR1EY7,1,0,0,"2023-07-23 01:12:18",1
MxYNgBIg_F,"3",LOPzplPhE1,3,0,0,"2023-07-22 00:44:28",1
MzxEjKrcN4,"1",yCG8w8A1XD,1,0,0,"2023-07-22 00:54:08",1
N_sZYI0PzM,"1",skChH4MURC,1,0,0,"2023-07-23 01:12:36",1
n3nrFDWaRw,"1","1pZAWMk9mE",2,0,0,"2023-07-22 03:00:04",1
n69-_9pSQw,"1",JcBnZaXddp,1,0,0,"2023-07-22 05:44:12",1
n6XUgnaKdB,"4",g0njU1T1Y6,1,0,0,"2023-07-23 00:45:21",1
NaIANpP3oo,"4",nXrddogtdt,1,0,0,"2023-07-22 00:49:48",1
nBYo8mD39m,"2",E_lzkXo1UH,1,0,0,"2023-07-22 02:50:27",1
NfLSIYSLOg,"1",r0OkOpa3OX,1,0,0,"2023-07-23 04:46:11",1
NhWRGevP4X,"4",PRApcc465Z,1,0,0,"2023-07-23 05:49:24",1
Ni9VDdV27V,"2",LlnFxp3swj,1,0,0,"2023-07-22 01:44:26",1
NiyVvUvLyA,"3",QicxXQf4_R,2,0,0,"2023-07-22 02:37:13",1
nJbdIqFWYo,"1",XyWMZmHcqs,1,0,0,"2023-07-22 01:28:55",1
nLH5pR0mFt,"2",ZSYeKR1EY7,1,0,0,"2023-07-23 01:12:18",1
NN-3qXSzB6,"2",dQh4UPLnJo,1,0,0,"2023-07-23 01:02:58",1
O_iFx0A-Qz,"1",ZlcUIK5Crm,3,0,0,"2023-07-22 03:22:24",1
o45UC4ke_B,"1",J6UQ-bHsOX,1,0,0,"2023-07-22 02:20:23",1
oc7DWEvPm4,"4",VetCkyBWE3,1,0,0,"2023-07-22 06:23:05",1
oHUT4FnIym,"2",b2DesVuazO,4,0,0,"2023-07-25 09:01:59",1
oI-g9tZg8z,"1","2YglJffKLR",1,0,0,"2023-07-23 00:31:49",1
OiFWdRMKrf,"3",SFa1yLIkHV,1,0,0,"2023-07-22 02:53:06",1
OO6n7OtNIK,"4",WFZZ0J1M3l,1,0,0,"2023-07-22 06:06:46",1
OqBXnm0lLG,"3",iNJwVkiXLL,1,0,0,"2023-07-23 04:12:37",1
OR8QDLpban,"1",l3qoTW5rGd,1,0,0,"2023-07-22 06:51:34",1
oRhSOxkhFo,"1",ZaHH9KMWQE,2,0,0,"2023-07-23 03:42:48",1
p1bKN0fodE,"1",nR3mzRwug9,2,0,0,"2023-07-22 01:32:30",1
P3SBVhZNzY,"1",fA63Lu8ITR,1,0,0,"2023-07-22 06:44:59",1
P4EasXTiAa,"3",q8m4dQ54mQ,2,0,0,"2023-07-23 03:41:38",1
PAvfZ6vgK4,"1",j1jMsscXwK,1,0,0,"2023-07-23 00:20:01",1
pD0QnkI9ti,"4",tRtMGoxB_B,1,0,0,"2023-07-23 05:15:48",1
pKcrJbS3j6,"3",tKSNE2T6YD,2,0,0,"2023-07-22 02:45:59",1
PM2gNKZ7bu,"1",ZPRpise-Hz,1,0,0,"2023-07-22 00:20:03",1
PN_CZWLK4x,"1","7d0wSoyzi1",1,0,0,"2023-07-23 04:23:22",1
poA2grFUxA,"2",y0xWwVyINz,2,0,0,"2023-07-25 08:56:40",1
Pos96tGu3n,"2",qx-X1Fers9,2,0,0,"2023-07-22 05:26:08",1
pQuQBurclA,"1",HmxCsnHRko,1,0,0,"2023-07-22 02:06:47",1
pZDD8vLEh_,"1",MVDfUZ4930,1,0,0,"2023-07-22 05:54:01",1
PZXIXNw_v0,"4",vEIrUvMqnI,2,0,0,"2023-07-22 04:29:27",1
Q3uKDZsgPH,"3",FpCAmvJZnk,3,0,0,"2023-07-22 00:22:32",1
qbAeQW9oZH,"4","9AvfYqqJEV",2,0,0,"2023-07-22 01:40:04",0
qCOWYysXT-,"3",WkeOJK7dmN,2,0,0,"2023-07-22 00:25:25",1
QdXZmi5iaJ,"1",LPLcBAKa4Y,1,0,0,"2023-07-22 06:24:07",1
QDyB8R5HTA,"2",r5smcowVDq,1,0,0,"2023-07-23 01:17:09",1
qEnIlIHPj2,"1",AD0Ll0Iyyz,1,0,0,"2023-07-25 09:01:02",1
QexeLD7WrK,"1",WbubAieW2F,1,0,0,"2023-07-23 04:30:35",1
Qf7r57NB8a,"1",b2DesVuazO,4,0,0,"2023-07-25 09:01:59",1
qfvzBg0zSg,"1",yhFwvHOCzP,1,0,0,"2023-07-22 01:12:05",1
QHzGXj7QYE,"1",DECvDrrYB_,1,0,0,"2023-07-22 03:04:18",1
QjGSWros2M,"3",ljQ420bkt7,1,0,0,"2023-07-22 02:23:32",1
qK7fFlqls8,"3",kC4ordwAFt,2,0,0,"2023-07-23 04:24:59",1
qKFUznH26g,"3",dVE4tlo7CU,1,0,0,"2023-07-22 04:42:58",1
QOO8mC2hNH,"1",q_sX_8N1FX,2,0,0,"2023-07-23 04:03:27",1
Qqt2MYdK40,"2","1pZAWMk9mE",1,0,0,"2023-07-22 03:00:04",1
qqXn8qQM5e,"3","2YglJffKLR",1,0,0,"2023-07-23 00:31:49",1
qurZvnq6Oh,"3",UbZwYzkm43,1,0,0,"2023-07-23 04:05:10",1
qWf6UCj8U4,"2",qUOBY1G2Bv,2,0,0,"2023-07-22 06:24:19",1
R477PbvLuh,"2",aGbd_1VFiR,1,0,0,"2023-07-23 00:53:08",1
r5FX4rIDGb,"3",jbgn50grS5,1,0,0,"2023-07-23 02:58:10",1
R6GBYy3HMW,"3",PRApcc465Z,2,0,0,"2023-07-23 05:49:24",1
R6YL64iG16,"4",DiK7YJ9sk6,1,0,0,"2023-07-22 00:39:48",1
RFaJeutJdp,"3",iYHScA2VHQ,1,0,0,"2023-07-22 02:37:31",1
Rg1BXcjAWP,"3",nRsBSmD6MM,3,0,0,"2023-07-23 00:32:07",1
RgP1FZYYSd,"4",b2DesVuazO,4,0,0,"2023-07-25 09:01:59",1
rJ60J5NEMn,"1",nE0aeFzTfN,2,0,0,"2023-07-22 04:42:15",1
Rj8QyQowGW,"1",bN1wz0aqVo,1,0,0,"2023-07-22 04:55:03",1
rk0Tk5etqq,"2","4Ine27HIQE",1,0,0,"2023-07-22 01:11:24",1
RkGuZcHf7C,"3","8_7Dtn25sL",1,0,0,"2023-07-22 02:26:12",1
RKLAxq27sJ,"4",GucdGn6_yZ,1,0,0,"2023-07-23 00:30:54",1
RKmOQVqOZd,"3",vh3djlDuPi,1,0,0,"2023-07-22 04:44:25",1
Rlkr6WqOA3,"3",mvkF1yOP3j,1,0,0,"2023-07-23 01:25:57",1
RLTh25cHz-,"1","1xQ4UCtgc_",2,0,0,"2023-07-23 03:37:49",1
rZcqfaEnMp,"3",-eLzR44fpE,1,0,0,"2023-07-22 07:11:26",1
S1VMw9fbB0,"3","1xQ4UCtgc_",1,0,0,"2023-07-23 03:37:49",1
S2rKefRCrI,"4",sfGRuEgbAz,1,0,0,"2023-07-23 04:50:22",1
S30U0tz4Qv,"1",RiFALbLzLv,1,0,0,"2023-07-22 07:04:14",1
S6Jd-G-m0p,"4",yAtOHUDEaV,2,0,0,"2023-07-23 00:33:14",1
SaO3UdAaBG,"3","9AvfYqqJEV",1,0,0,"2023-07-22 01:40:04",0
SAOCPmuT88,"1",rfiKYD6AUH,2,0,0,"2023-07-22 01:37:34",1
sDgnhCC5_f,"1",g0njU1T1Y6,2,0,0,"2023-07-23 00:45:21",1
SftWXKSti5,"3",twG2H6P0jW,1,0,0,"2023-07-22 06:27:06",1
sirs9j6rtI,"3",vb8Ped6UIh,1,0,0,"2023-07-23 05:49:43",1
sl1KvPGUe4,"3",MVDfUZ4930,1,0,0,"2023-07-22 05:54:01",1
sLvGtLDPBJ,"2",bliAbUOzcr,1,0,0,"2023-07-22 06:10:59",1
SNB_Q4Yfd1,"1",faeUVcEca4,1,0,0,"2023-07-23 00:37:26",1
SnbvUo05Om,"1",v4zZPzrSCQ,1,0,0,"2023-07-22 02:47:35",1
SOP74jty_K,"3",FGMF1yefP0,1,0,0,"2023-07-22 01:14:09",1
spH-mxRYul,"2",C_qMRhYj_N,2,0,0,"2023-07-22 04:37:30",1
Sps8UCMGoh,"4",E8MgVOmrvR,1,0,0,"2023-07-23 05:00:07",1
SqVwtdBVEs,"1",zKJCg9mfyl,2,0,0,"2023-07-23 05:06:35",1
swedmTKrP7,"1",hL5vsllyJF,2,0,0,"2023-07-23 05:01:43",1
swJjVXz-vn,"1",ULatRTIpgI,1,0,0,"2023-07-23 05:26:04",1
SyPMyKaJED,"1",twG2H6P0jW,1,0,0,"2023-07-22 06:27:06",1
T7-p1EI367,"4",kH9NztjgQZ,2,0,0,"2023-07-22 07:06:21",1
T7MkHhGC1m,"1",EmBUSahfr8,1,0,0,"2023-07-23 04:18:02",1
TAl67L6Egm,"1",jGf6b3GKRt,2,0,0,"2023-07-23 00:32:50",1
TFpJIeWa7n,"1",iD170DWyLW,2,0,0,"2023-07-22 03:04:54",1
tGS16aXriR,"4",TJoy25WVo9,1,0,0,"2023-07-23 03:45:06",1
TkbKkLpOvY,"3",VfhFymJb_S,1,0,0,"2023-07-22 02:25:38",1
TlxPVgupod,"1","3lCyHKZyIt",2,0,0,"2023-07-23 03:18:40",1
TM-yIz5N8q,"3",q64okMyNTg,1,0,0,"2023-07-23 04:31:27",1
tM0jeJmqV7,"1","8KKEZQ_wue",2,0,0,"2023-07-22 04:50:00",0
TOlFBzJ5f5,"3",wd625XB29a,1,0,0,"2023-07-23 03:52:28",1
TQNKGDpuOd,"1",Luh9vMC6Az,3,0,0,"2023-07-22 04:27:03",1
tr0pC8gl8U,"4",r0OkOpa3OX,1,0,0,"2023-07-23 04:46:11",1
tRDhGCMhMS,"4","55nxvLfdDQ",1,0,0,"2023-07-22 05:47:47",1
tT61CTdyGM,"1",qN5QXCekg6,1,0,0,"2023-07-23 05:49:51",1
TvdyLaFDlS,"1",pel7rN5kYh,2,0,0,"2023-07-23 03:53:42",1
tVinR8qIxw,"3",U4oWW693lg,3,0,0,"2023-07-23 05:41:45",0
tvUPl62t7q,"4",v4aS5n16jF,1,0,0,"2023-07-23 04:00:06",1
TZlLdDaLXT,"2",EB_eJ3oCf6,2,0,0,"2023-07-23 01:07:06",1
u-0USMgTDa,"3",vw3YsyJ_zj,1,0,0,"2023-07-22 02:38:19",1
u0M9LMhqMz,"1","8zbRaYbXjn",3,0,0,"2023-07-23 05:42:38",1
U2pynYo9be,"3",j9HO0dBObk,3,0,0,"2023-07-23 00:31:32",1
U2ZfgailJ4,"4",mr4Tak9QTo,1,0,0,"2023-07-23 05:11:51",1
UAbRyHdxJE,"2",mvkF1yOP3j,1,0,0,"2023-07-23 01:25:57",1
UAt9mqfVZH,"3",EB_eJ3oCf6,1,0,0,"2023-07-23 01:07:06",1
uBwiXu1doQ,"2","8_7Dtn25sL",1,0,0,"2023-07-22 02:26:12",1
uDmAKEkyY5,"3",yXJ1zc8Gdh,1,0,0,"2023-07-22 06:13:29",1
ufCasR3zl5,"3","5HOUvPeHy1",1,0,0,"2023-07-23 05:30:46",1
UkmXLTUCZe,"4","74jCP9iYD0",1,0,0,"2023-07-22 05:13:57",1
uKwBKjqLFY,"1",K-x6C4p8H1,2,0,0,"2023-07-23 00:54:46",1
ULPxwnqOZ2,"4",f827v5Xwd6,1,0,0,"2023-07-23 05:25:47",1
ulUYOMnm1e,"4",x8fTRGbzsY,1,0,0,"2023-07-22 05:54:18",1
UMW_VkPIHt,"3",X4m6YGpTh_,2,0,0,"2023-07-23 03:07:42",1
uQ1ocJZTY8,"1",mWBOrsUb9z,1,0,0,"2023-07-23 03:01:54",1
uTM5T8bks5,"2",B2CeTYJmu3,1,0,0,"2023-07-22 04:42:28",1
uTSgJ5mYD6,"2",XyWMZmHcqs,3,0,0,"2023-07-22 01:28:55",1
Uu6E3cw_jK,"1",ZSYeKR1EY7,1,0,0,"2023-07-23 01:12:18",1
Ux0uGg6uP6,"1",DiK7YJ9sk6,1,0,0,"2023-07-22 00:39:48",1
UxoMwff_mZ,"3",W63Eabc6mV,2,0,0,"2023-07-23 01:40:37",1
uZzNy9cR3I,"2",SFa1yLIkHV,1,0,0,"2023-07-22 02:53:06",1
V5IoFEuODW,"1",ath-LyXcPi,1,0,0,"2023-07-22 04:38:46",1
V5r4xgD9uT,"3",_0gwUxkNYJ,1,0,0,"2023-07-22 03:12:07",1
v5rzP2Q0AD,"4","1V_9Y5yWZD",1,0,0,"2023-07-23 03:16:44",1
v6Xkqtg7Gm,"2",FitRFvIKxF,1,0,0,"2023-07-22 00:52:34",1
v92tL5tNNu,"1",IluYSU9jaK,1,0,0,"2023-07-23 04:51:24",1
vaxASWUEPF,"3",qN5QXCekg6,1,0,0,"2023-07-23 05:49:51",1
vBF0B4PEGP,"3",SL1GDsQpxs,1,0,0,"2023-07-22 03:05:18",1
Vc8JsTjnJB,"3",j1jMsscXwK,1,0,0,"2023-07-23 00:20:01",1
Vd3hhKbagb,"2",fA63Lu8ITR,1,0,0,"2023-07-22 06:44:59",1
VdaQXLya0R,"2",ZPRpise-Hz,1,0,0,"2023-07-22 00:20:03",1
VJhBVFGZDK,"3",ldfcVp9H5W,2,0,0,"2023-07-23 04:09:58",1
VKkv-nFvXV,"4",WmtN_H_k_O,1,0,0,"2023-07-22 05:12:07",1
VPlX_Ldem3,"3",s4sfxR8pn8,2,0,0,"2023-07-23 00:28:08",1
VSuBt7XWgf,"2",FpCAmvJZnk,1,0,0,"2023-07-22 00:22:32",1
Vtugu4hsMi,"2",N9M5y_2FxS,1,0,0,"2023-07-23 00:48:44",1
VUAqSDDUKR,"2",eagd-diepp,1,0,0,"2023-07-22 04:50:35",1
VV6L3HdT5D,"3",dIge67-wWX,1,0,0,"2023-07-23 01:17:47",1
VvTCs7fneO,"3",yCG8w8A1XD,1,0,0,"2023-07-22 00:54:08",1
VwmqIoiKeS,"1",am4tWkD0ei,1,0,0,"2023-07-23 04:18:19",1
vwtGq8chqe,"1",FGMF1yefP0,2,0,0,"2023-07-22 01:14:09",1
VXnHTU73ey,"4",r5smcowVDq,1,0,0,"2023-07-23 01:17:09",1
W1A2srIX8Z,"1",O_nUENHZIy,4,0,0,"2023-07-22 00:25:40",1
w3QT-Cuf6t,"1",U5NI6MWv7s,1,0,0,"2023-07-23 02:55:43",1
w8KTq_E3zL,"3",NZIdT6VR-2,1,0,0,"2023-07-22 00:41:01",1
W9ehXdZ77H,"4",sGAXysq0fz,1,0,0,"2023-07-23 05:31:19",0
wbpUqLMFAs,"2",-NRcuzyTAw,1,0,0,"2023-07-22 06:13:12",1
wCb2Fki-Oq,"1",yXJ1zc8Gdh,1,0,0,"2023-07-22 06:13:29",1
wD9fL-LnrM,"4",P2pZGSZHqr,1,0,0,"2023-07-23 05:42:24",1
wf0wd6VhNK,"2","2YglJffKLR",1,0,0,"2023-07-23 00:31:49",1
wgqXSo4fyL,"2",iyuBP9M2eA,1,0,0,"2023-07-23 01:20:54",1
wjwTQDSUXf,"4","9H-m6XTNMv",1,0,0,"2023-07-23 03:11:06",1
wMu8BOCflv,"3",nind2S77Kr,1,0,0,"2023-07-23 01:16:46",1
WNfPisvPI8,"3",L-B6qTnYCx,1,0,0,"2023-07-23 03:46:33",1
wRcmxEYC5x,"3",U7Gj9ujnwF,1,0,0,"2023-07-23 04:38:10",1
wv1wDnyxTt,"3",SGmHPrS3Go,1,0,0,"2023-07-22 06:07:23",1
WycPTp4qcU,"1",_HWhfb23pP,1,0,0,"2023-07-22 01:43:25",1
wzDHYfq5-y,"1",y0xWwVyINz,2,0,0,"2023-07-25 08:56:40",1
X_bsjXWF_y,"4",AD0Ll0Iyyz,1,0,0,"2023-07-25 09:01:02",1
X4DT5Ezc4v,"4",q_sX_8N1FX,1,0,0,"2023-07-23 04:03:27",1
xbNMvNeY0o,"1",dVE4tlo7CU,1,0,0,"2023-07-22 04:42:58",1
xfVpLVz3qZ,"3",APMsWSbKmo,1,0,0,"2023-07-23 04:30:13",1
xJqbYD6-Rb,"3",ED9WRiqjFp,1,0,0,"2023-07-22 01:13:17",1
xm_j8dr9sF,"1",Kkm2q6DSOF,2,0,0,"2023-07-22 05:26:34",1
xMZ_6viv8J,"4",y0xWwVyINz,1,0,0,"2023-07-25 08:56:40",1
xNvSROc17X,"1",vEIrUvMqnI,2,0,0,"2023-07-22 04:29:27",1
XSN4MIrQJR,"1","50DFuBkJfV",2,0,0,"2023-07-22 01:32:49",1
XV5MXfihJQ,"3",E8MgVOmrvR,1,0,0,"2023-07-23 05:00:07",1
xwglBEvTs2,"2",ED9WRiqjFp,1,0,0,"2023-07-22 01:13:17",1
Y01eo8cIgb,"2",dNWs-UMXxL,1,0,0,"2023-07-22 05:36:38",1
Y0JdqchVOF,"2",SUyBSqxNDx,1,0,0,"2023-07-22 06:16:58",1
y5bRylVZQl,"4",ULatRTIpgI,3,0,0,"2023-07-23 05:26:04",1
Y6ASY1ptdz,"1",_q6Dkw_qjR,2,0,0,"2023-07-23 04:28:28",1
ya4aS3W4qU,"2",Kkm2q6DSOF,1,0,0,"2023-07-22 05:26:34",1
yB8r3PsI_h,"1",ytaKrpUQSK,1,0,0,"2023-07-23 04:42:12",1
YBj-7uMCr_,"1","74jCP9iYD0",1,0,0,"2023-07-22 05:13:57",1
Yet44nUywq,"3",_HWhfb23pP,1,0,0,"2023-07-22 01:43:25",1
yEYEY6zCSK,"1","5HOUvPeHy1",1,0,0,"2023-07-23 05:30:46",1
ymyrEWGo2a,"4",IAC4MZN9da,1,0,0,"2023-07-23 00:23:17",0
yNaJX1KsbJ,"2",ath-LyXcPi,1,0,0,"2023-07-22 04:38:46",1
yNkVSenfnu,"1",VfhFymJb_S,2,0,0,"2023-07-22 02:25:38",1
ynxCNuoBGL,"3","906-kegTgj",1,0,0,"2023-07-23 03:59:49",1
yOj1GQOzUx,"3",IluYSU9jaK,1,0,0,"2023-07-23 04:51:24",1
yrQw7u-mWh,"3",ytaKrpUQSK,2,0,0,"2023-07-23 04:42:12",1
YWaJPuzpKT,"1",_sGwjn_zV8,3,0,0,"2023-07-23 04:11:32",1
yWKh2WRIC5,"3",YLW3dH4QKQ,1,0,0,"2023-07-23 03:26:59",1
YXaWszqHkq,"3",Ll8n6T--TZ,1,0,0,"2023-07-22 06:37:04",1
Z2LSu2N9Wh,"2",PMdRjYXkW4,2,0,0,"2023-07-22 03:34:24",1
z9oVdrhPAH,"1",iYHScA2VHQ,1,0,0,"2023-07-22 02:37:31",1
ZE-iFjNC9G,"3",yAtOHUDEaV,1,0,0,"2023-07-23 00:33:14",1
zh4HfLo3P4,"3","73_W9t3n2r",1,0,0,"2023-07-22 02:11:18",1
zhSuh4qVj8,"1",NZIdT6VR-2,1,0,0,"2023-07-22 00:41:01",1
zJoFTfr64a,"1","55nxvLfdDQ",2,0,0,"2023-07-22 05:47:47",1
ZlHvmlJAox,"2",GJ8GbtaRjj,4,0,0,"2023-07-22 05:16:56",1
ZM3vZbCvjr,"2",c_062-yfnQ,1,0,0,"2023-07-22 02:29:32",1
Zmk0-vyAwj,"2",BdpLIO52jM,1,0,0,"2023-07-22 01:52:59",1
zo09qvYUNt,"1",-XO3FMKwSD,1,0,0,"2023-07-23 03:16:20",1
ZQloEfTe55,"3",yCDA4HEawh,1,0,0,"2023-07-23 05:48:59",1
ZqS8ORS2mX,"3",BdpLIO52jM,1,0,0,"2023-07-22 01:52:59",1
zSkW3CdeRv,"4",ytaKrpUQSK,1,0,0,"2023-07-23 04:42:12",1
ztXo2UCBvv,"1",hpdSSo-J7v,1,0,0,"2023-07-22 02:27:34",1
ZVIzzSK2fG,"1",ZXi8pg7YFk,1,0,0,"2023-07-22 06:42:55",1
Zvtpejb001,"4",s4sfxR8pn8,1,0,0,"2023-07-23 00:28:08",1
